{
    "$schema": "https://schema.management.azure.com/schemas/2015-01-01/deploymentParameters.json#",
    "contentVersion": "1.0.0.0",
    "parameters": {
        "connections_mtColahVpnConnection_location": {
            "value": null
        },
        "connections_mtColahVpnConnection_location_1": {
            "value": null
        },
        "virtualMachines_jumpbox_name": {
            "value": null
        },
        "networkInterfaces_vshost363_name": {
            "value": null
        },
        "publicIPAddresses_VSHOST_ip_name": {
            "value": null
        },
        "virtualNetworkGateways_vpngw_name": {
            "value": null
        },
        "networkInterfaces_jumpbox_nic_name": {
            "value": null
        },
        "localNetworkGateways_homenetgw_name": {
            "value": null
        },
        "connections_mtColahVpnConnection_name": {
            "value": null
        },
        "networkSecurityGroups_VSHOST_nsg_name": {
            "value": null
        },
        "publicIPAddresses_vpngw_public_ip_name": {
            "value": null
        },
        "publicIPAddresses_jumpbox_public_ip_name": {
            "value": null
        },
        "schedules_shutdown_computevm_jumpbox_name": {
            "value": null
        },
        "networkSecurityGroups_jumpbox_ssh_access_name": {
            "value": null
        },
        "virtualNetworks_azureControlPlaneNetwork_name": {
            "value": null
        },
        "disks_VSHOST_OsDisk_1_a75b11c0257645ecb19fe25d1c8a9871_name": {
            "value": null
        },
        "subnets_subnet0_name": {
            "value": null
        },
        "securityRules_Port_80_name": {
            "value": null
        },
        "subnets_GatewaySubnet_name": {
            "value": null
        },
        "securityRules_default_allow_rdp_name": {
            "value": null
        },
        "securityRules_ssh_access_rule_name": {
            "value": null
        },
        "virtualMachines_jumpbox_id": {
            "value": null
        }
    }
}